sep=,
naziv,naslov_natjecaja,url,kategorija,iznos,iznos_je_fond,rok_tekst,uvjeti,upute_za_prijavu,napomena,poveznica_natjecaj,status,zadnje_provjereno
MZO — državne stipendije (socio-ekonomski status),Državne stipendije za studente,https://mzom.gov.hr/istaknute-teme/odgoj-i-obrazovanje/visoko-obrazovanje/drzavne-stipendije/drzavne-stipendije-za-studente-nizega-socio-ekonomskoga-statusa/1563,Ministarstvo,"600 EUR mjesečno za STEM nastavničke studije, 300 EUR mjesečno za ostale STEM studije, 9 mjeseci; 200 EUR mjesečno za socio-ekonomski status, 9 mjeseci",False,4. listopada 2025. do 12.00 sati,"Redoviti studenti na visokim učilištima u RH sa hrvatskim državljanstvom ili državljanstvom EU/EGP/Švicarske. Za STEM: studiji iz STEM područja znanosti. Za socio-ekonomski status: prihodi kućanstva do 160% proračunske osnovice ili posebne kategorije (invalidi, djeca poginulih osoba).",Ministar donosi Odluku do 1. listopada | Raspisuje se Javni poziv do 25. listopada | Prijave podnose ispunjavanjem elektroničkog obrasca u Sustavu državnih stipendija | Liste objavljuju se nakon 60 dana od zatvaranja poziva,Za akademsku godinu 2025./2026. raspisano je 12.150 stipendija za socio-ekonomski status. STEM stipendije dodjeljuju se prema odvojenim listama za nastavničke studije i rang-listama prema razini i godini studija.,https://mzom.gov.hr/istaknute-teme/odgoj-i-obrazovanje/visoko-obrazovanje/drzavne-stipendije/162,ROK ISTEKAO (2025-10-04) — čeka se novi ciklus,2026-09-28T11:03
MZO — svi natječaji,Stipendija za polaznice romske nacionalne manjine,https://mzom.gov.hr/natjecaji-196/196,Ministarstvo,"133,00 EUR mjesečno ili 40,00 EUR mjesečno",False,21. listopada 2026. godine do 23.59 sati,Polaznici srednjih škola pripadnici romske nacionalne manjine.,"Učenik se prijavljuje kroz srednju školu u koju je upisan | Popuni Obrazac zahtjeva za dodjelu novčane potpore dostupan na mrežnoj stranici Ministarstva | Priloži obaveznu dokumentaciju (dokaz o pripadnosti romskoj manjini, domovnica, uvjerenje o prebivalištu, žiro/tekući račun, izjavu roditelja da nije korisnik druge stipendije) | Srednja škola šalje izvornik prijave preporučenom poštom, dostavljačem ili osobno na adresu Ministarstva, Uprava za nacionalne manjine, Donje Svetice 38, Zagreb",,https://mzom.gov.hr/istaknute-teme/natjecaji-196/javni-poziv-polaznicima-srednjih-skola-pripadnicima-romske-nacionalne-manjine-za-stipendiju-ministarstva-znanosti-obrazovanja-i-mladih-za-skolsku-godinu-2026-2027/8040,OTVORENO (rok 2026-10-21),2026-09-28T11:03
HANFA — studentske stipendije,Studentske stipendije,https://www.hanfa.hr/raditi-u-hanfi/studentske-stipendije/,Ministarstvo,,False,,"Redoviti studenti 3. godine ili viših godina prijediplomskog/integriranog ili diplomskog studija ekonomije, prava, matematike ili informatike s najmanje 300 ECTS bodova, aktivno znanje engleskog, hrvatski državljani bez drugih stipendija.",,"Stipendija se dodjeljuje povremeno, u skladu s mogućnostima Hanfe. Natječaj se objavljuje krajem ljetnog semestra. Trenutno nema aktivnog natječaja - prikazani su ishodi natječaja iz 2025. Iznos stipendije nije specificiran na stranici.",,NEMA AKTIVNOG NATJEČAJA (opća stranica),2026-09-28T11:03
Ministarstvo demografije — stipendije za učenje hrvatskog jezika,Stipendije za učenje hrvatskoga jezika,https://mdu.gov.hr/javni-pozivi/5923,Ministarstvo,"naknada za smještaj u iznosu od 400,00 eura mjesedno",False,6. srpnja 2026. godine,"Punoljetna osoba sa završenim srednjoškolskim obrazovanjem koja je hrvatski iseljenik/Hrvat izvan Republike Hrvatske odnosno njegov potomak ili supružnik hrvatskog iseljenika/Hrvat izvan Republike Hrvatske, s prebivalištem izvan Republike Hrvatske ili priznanim boravištem/prebivalištem u RH ne duže od tri godine.","Odabrati mjesto pohađanja Tečaja (prvo, drugo i treće mjesto) | Prikupiti svu obveznu dokumentaciju na latiničnom pismu | Sastaviti motivacijsko pismo (250-500 riječi) kao sastavni dio prijavnog obrasca | Ispuniti e-prijavni obrazac na mreži Ministarstva | Poslati dokumentaciju u PDF formatu na Javni-poziv-stipendije@mdu.hr","Stipendija obuhvaća trošak izvedbe Tečaja, subvencioniranu prehranu do dva obroka dnevno i naknadu za smještaj. Zimski semestar traje od početka listopada 2026. do kraja siječnja 2027., ljetni semestar od početka ožujka do sredine lipnja 2027. Prednost pri dodjeli smještaja u domu imaju dobitnici s više bodova koji nisu stariji od 33 godine. Objavljuju se informativne radionice na Zooom-u 27. i 28. lipnja na engleskom, španjolskom i portugalskom jeziku.",https://mdu.gov.hr/javni-pozivi/javni-poziv-za-dodjelu-stipendija-za-ucenje-hrvatskoga-jezika-u-republici-hrvatskoj-za-akademsku-godinu-2026-2027/7580,ROK ISTEKAO (2026-07-06) — čeka se novi ciklus,2026-09-28T11:03
Grad Zagreb — stipendije,Stipendija za deficitarna zanimanja,https://www.zagreb.hr/stipendije-grada-zagreba/175198,Grad,"Mjesečno Stipendija iznosi 380,00 eura neto za učenike i 520,00 eura neto za studente",False,30.06.2025.,"Učenici: hrvatski državljani, redoviti učenici srednje škole s prosjekom ocjena najmanje 3,0, nisu ponavljali razred. Studenti: hrvatski državljani, redoviti studenti, studenti prve godine s prosjekom ocjena najmanje 4,0 iz obveznih predmeta, studenti ostalih godina s najmanje 40 ECTS bodova i prosjekom ocjena najmanje 3,5.",,Stipendija se dodjeljuje na temelju provedenoga natječaja. Gradonačelnik utvrđuje listu deficitarnih zanimanja svake godine. Natječaj provodi Povjerenstvo za dodjelu Stipendije.,https://www.zagreb.hr/stipendija-grada-zagreba-za-deficitarna-zanimanja/180282,ROK ISTEKAO (2025-06-30) — čeka se novi ciklus,2026-09-28T11:04
Grad Split — stipendiranje učenika i studenata,,https://split.hr/natjecaji/natjecaji-za-stipendiranje-i-sufinanciranje-ucenika-i-studenata,Grad,,False,,,,,,NEMA AKTIVNOG NATJEČAJA (opća stranica),2026-09-28T11:04
Grad Rijeka — stipendije,,https://www.rijeka.hr/teme-za-gradane/odgoj-i-obrazovanje/stipendije/,Grad,,False,,,,,,NEMA AKTIVNOG NATJEČAJA (opća stranica),2026-09-28T11:04
Grad Šibenik — stipendije,Studentske stipendije Grada Šibenika,https://www.sibenik.hr/stranice/stipendije/135.html,Grad,"180,00 EUR mjesečno, 10 mjeseci",False,8. studenoga 2025. godine,"Studenti s prebivalištem na području Grada Šibenika koji se školuju na sveučilišnim prijediplomskim, stručnim, diplomskim ili specijalističkim diplomskim studijima u Republici Hrvatskoj. Tri kategorije: prvi godina prijediplomskih (A), prva godina diplomskih (B), viši godine studija (C).",Preuzmite natječaj i pravilnik | Ispunite obrazac i priložite tražene dokumente | Prijavite se preko https://som-natjecaj.eu/authentication/login | Rok prijave: 8. studenoga 2025.,"Stipendije se dodjeljuju prema kriterijima izvrsnosti, deficitarnosti zanimanja i socijalno-ekonomskog statusa. Ukupno 50 stipendija: 16 za kategoriju A, 16 za kategoriju B, 18 za kategoriju C. Isplata od 1. listopada 2025. do 30. rujna 2026.",https://www.sibenik.hr/obavijesti/natjecaj-za-dodjelu-studentskih-stipendija-grada-sibenika-za-akademsku-godinu-2025-2026/696.html,ROK ISTEKAO (2025-11-08) — čeka se novi ciklus,2026-09-28T11:04
"Grad Zadar — stipendiranje, natječaji i obrasci",Stipendije učenicima i studentima 2025./2026,https://www.grad-zadar.hr/vijesti/odgoj-i-skolstvo--stipendiranje--natjecaji-i-obrasci-59/,Grad,"Stipendija za učenike iznosi 70,00 eura mjesečno, za studente koji studiraju u mjestu prebivališta 120,00 eura mjesečno, za studente koji studiraju izvan mjesta prebivališta 150,00 eura mjesečno, a za studente koji se školuju za deficitarna zvanja 180,00 eura mjesečno.",False,24. studenog 2025. do 8. prosinca 2025.,"Učenici srednjih škola i studenti preddiplomskih/diplomskih studija koji su državljani RH s prebivalištem na području Grada Zadra, imaju status redovnog učenika ili studenta bez odobene stipendije ili kredita od drugog subjekta, te nisu stariji od 25, odnosno 27 godina za diplomski studij.","Prijava putem e-usluge ""Stipendije"" na https://ezadrani.hr/stipendije | Učitati potvrdu o redovitom upisu u 2025./2026. godinu | Priložiti potrebnu dokumentaciju za dokazivanje opće uspjeha | Priložiti dodatnu dokumentaciju za natjecanja, radove, nagrade ili socijalno-materijalno stanje | Potvrditi pristanak na korištenje osobnih podataka","Za studentske stipendije OIB se povlači iz NIAS prijave, a za učeničke stipendije obavezno ga unijeti u online obrazac. Studenti stariji od 25 godina mogu biti stipendirani samo ako upisuju diplomski studij (do 27 godina). Deficitarna zvanja imaju posebnu listu i veće iznose stipendije.",https://www.grad-zadar.hr/vijest/odgoj-i-skolstvo--stipendiranje--natjecaji-i-obrasci-59/n-a-t-j-e-c-a-j-za-dodjelu-stipendija-ucenicima-i-studentima-za-skolskuakademsku-20252026-godinu-9057.html,ROK ISTEKAO (2025-11-24) — čeka se novi ciklus,2026-09-28T11:04
Grad Osijek — natječaji,,https://www.osijek.hr/natjecaji/,Grad,,False,,,,,,NEMA AKTIVNOG NATJEČAJA (opća stranica),2026-09-28T11:05
Grad Varaždin — natječaji,,https://varazdin.hr/natjecaji/,Grad,,False,,,,,,NEMA AKTIVNOG NATJEČAJA (opća stranica),2026-09-28T11:05
Grad Karlovac — natječaji i pozivi,,https://www.karlovac.hr/natjecaji_pozivi/,Grad,,False,,,,,,NEMA AKTIVNOG NATJEČAJA (opća stranica),2026-09-28T11:05
Grad Pula — novosti i natječaji,,https://www.pula.hr/hr/novosti/,Grad,,False,,,,,,NEMA AKTIVNOG NATJEČAJA (opća stranica),2026-09-28T11:05
Varaždinska županija — stipendije,,https://www.varazdinska-zupanija.hr/potpore-i-pomoci1/stipendije.html,Županija,,False,,,,,,NEMA AKTIVNOG NATJEČAJA (opća stranica),2026-09-28T11:05
Osječko-baranjska županija — stipendije,Stipendije za učenike i studente,https://www.obz.hr/index.php/stipendije-i-krediti/stipendije,Županija,"100,00 eura mjesečno za učenike (10 mjeseci), 200,00 eura mjesečno za studente",False,,"Stipendije se dodjeljuju učenicima i studentima u četiri kategorije: darovitim učenicima i studentima, učenicima i studentima koji se obrazuju za deficitarna zanimanja, učenicima i studentima koji se obrazuju u STEM području i učenicima i studentima slabijeg socijalnog statusa.",,"Natječaj se objavljuje u mjesecu rujnu tekuće godine. Učenicima se stipendije isplaćuju od 1. rujna do 30. lipnja, studentima od 1. listopada do 31. srpnja.",,NEMA AKTIVNOG NATJEČAJA (opća stranica),2026-09-28T11:05
Primorsko-goranska županija — stipendiranje učenika i studenata,Stipendije za učenike i studente,https://www.pgz.hr/ustroj/upravna-tijela/upravni-odjel-za-odgoj-i-obrazovanje/stipendiranje-ucenika-i-studenata/,Županija,"160,00 eura mjesečno, 10 mjeseci",False,,"Učenici i studenti s prebivalištem na području PGŽ najmanje 6 mjeseci prije raspisivanja natječaja. Učenici i studenti darovitih kategorija moraju imati prosjek ocjena od najmanje 4,50.",,"Stranica opisuje program stipendiranja u tri kategorije (daroviti učenici, daroviti studenti, studenti deficitarnih zanimanja) ali ne sadrži informacije o otvorenom natječaju, roku prijave niti detaljnim uputama za prijavu.",,NEMA AKTIVNOG NATJEČAJA (opća stranica),2026-09-28T11:05
Karlovačka županija — javni pozivi (društvene djelatnosti),Stipendije učenicima Karlovačke županije,https://kazup.hr/index.php/natjecaji-i-javni-pozivi/javni-pozivi-uo-za-drustvene-djelatnosti/,Županija,,False,29.09.2026.,Učenici na području Karlovačke županije.,Registracija na https://som-natjecaj.eu/authentication/register | Prijava putem https://som-natjecaj.eu/authentication/login | Prikupljanje potrebne dokumentacije | Podnošenje elektroničke prijave u sustavu | Odabir 'Karlovačka županija' u padajućem izborniku,Prijava bez potpisane privole i suglasnosti neće se uzimati u obzir. Tehnička podrška dostupna isključivo za probleme s registracijom i tehničkim poteškoćama. Pitanja o natječaju i dokumentaciji trebaju se postavljati elektronskim putem Upravnom odjelu za društvene djelatnosti.,,OTVORENO — rok za 1 dana (2026-09-29),2026-09-28T11:05
Istarska županija — natječaji,,https://www.istra-istria.hr/hr/natjecaji/,Županija,,False,,,,,,NEMA AKTIVNOG NATJEČAJA (opća stranica),2026-09-28T11:06
Splitsko-dalmatinska županija — natječaji,,https://www.dalmacija.hr/natjecaji,Županija,,False,,,,,,NEMA AKTIVNOG NATJEČAJA (opća stranica),2026-09-28T11:06
Sveučilište u Zagrebu — stipendije,Stipendije Sveučilišta u Zagrebu 2025./2026,https://www.unizg.hr/studiji-i-studiranje/upisi-stipendije-priznavanja/stipendije/,Sveučilište,"2.325,00 EUR",False,,"Redoviti studenti sveučilišnih prijediplomskih, integriranih prijediplomskih i diplomskih, diplomskih te stručnih prijediplomskih i diplomskih studija. Kriteriji se razlikuju po kategorijama: A (prosjek 4,0+), B/C/E (prosjek 4,0+, posebna postignuća), D (prosjek 3,0+, socijalna ugroženost, invaliditet, studenti s djecom ili iz sustava skrbi).",Prijava elektroničkim putem kroz aplikaciju na mrežnim stranicama Sveučilišta uz AAI elektronički identitet | Pažljivo pročitati tekst natječaja i provjeriti ispunjavanje kriterija | Prijava moguća samo u jednoj kategoriji | Kontakt: stipendije@unizg.hr,Natječaj je zatvoren. Rok prijave bio je 17. prosinca 2025. do 16. siječnja 2026. Objavljeni su već konačni rezultati (28. travnja 2026.). Uz stipendiju Sveučilišta nije moguće primati drugu stipendiju iz javnih izvora (osim Erasmus+).,,NEMA AKTIVNOG NATJEČAJA (opća stranica),2026-09-28T11:06
Sveučilište u Rijeci — stipendije i potpore,Stipendije za socijalno ugrožene studente,https://uniri.hr/studiranje/stipendiranje-i-financiranje/stipendije-i-potpore/,Sveučilište,"do 2.000,00 EUR godišnje",False,"srijeda, 25. ožujka 2026. do 12.00 sati","Hrvatski državljani ili građani EU s boravkom u RH, upisani u redovitom ili izvanrednom statusu na Sveučilištu u Rijeci, s prosječnim mjesečnim prihodima po članu kućanstva do 100-150% proračunske osnovice (441,44-662,16 EUR).","Preuzmite Obrasce P, IZK i I sa stranice | Prikupite potvrde o statusu, prebivalištu, dohotku i osobnu iskaznicu | Pretvorite sve dokumente u PDF format | Popunite elektronički obrazac MS Forms | Učitajte sve PDF dokumente u obrazac | Pošaljite prijavu do 25. ožujka 2026.","Natječaj se podnosi isključivo elektronički preko MS Forms uz AAI@EduHr identitet (@uniri.hr). Studentima viših godina trebalo je najmanje 18 ECTS bodova u 2024./2025. Dodatni dokumenti potrebni za posebne kategorije (invaliditet, slamnohrani roditelj, itd.). Nakon slanja prijedloga nije moguće ga mijenjati.",,ROK ISTEKAO (2026-03-25) — čeka se novi ciklus,2026-09-28T11:06
Sveučilište u Zadru — stipendije,,https://www.unizd.hr/studiji-i-studenti/studentski-centar/stipendije,Sveučilište,,False,,,,,,NEMA AKTIVNOG NATJEČAJA (opća stranica),2026-09-28T11:06
Zaklada Sveučilišta u Zagrebu — natječaji,Stipendije Zaklade Sveučilišta za studente,https://www.unizg.hr/suradnja/alumni-i-zaklada-sveucilista/zaklada-sveucilista-u-zagrebu/natjecaji/,Zaklada,2.250 EUR jednokratno,False,16. siječnja 2026. do 12.00 sati,"Redoviti studenti prijediplomskih, diplomskih i integriranih studija na Sveučilištu u Zagrebu s manjim socijalno-ekonomskim statusom ili bez roditeljske skrbi. Prihod po članu kućanstva ne smije prelaziti 65% proračunske osnovice za 2025. (186,51 EUR). Minimalni prosjek ocjena 3,00 (odnosno 3,50 za studente prve godine).","Prijava isključivo elektronički putem aplikacije na stranici Zaklade | Prijava od 22. prosinca 2025. od 12:00 do 16. siječnja 2026. do 12:00 | Potrebna dokumentacija: izjava o članovima kućanstva, osobna iskaznica, potvrda o dohodcima za 2024. | Priložiti potvrdu o upisu, pregled ocjena i ECTS bodova, potvrdu prosjeka | Kontakt: zaklada@unizg.hr",Dodjeljuje se 10 stipendija. Stipendija se isplaćuje jednokratno. Studenti moraju dostavi izjavu o neprimanju drugih javnih stipendija u 2025. godini (izuzev Erasmus+ i stipendija za mobilinost). Prigovori se mogu podnijeti u roku od 8 dana od objave privremene rang-liste.,,ROK ISTEKAO (2026-01-16) — čeka se novi ciklus,2026-09-28T11:06
Zaklada Adris — natječaji,Stipendije Zaklade Adris,https://www.adris.hr/odnosi-s-javnoscu/zaklada-adris/natjecaji/,Zaklada,,False,,"Učenici srednje škole nisu stariji od 19 godina, s prosjekom ocjena 4,5 ili više, hrvatskog državljanstva. Redovni studenti na preddiplomskom i diplomskom studiju nisu stariji od 25 godina, s prosjekom ocjena 4,5 ili više, hrvatskog državljanstva. Polaznici poslijediplomskog stručnog i znanstvenog usavršavanja nisu stariji od 35 godina. Polaznici poslijediplomskog doktorskog studija nisu stariji od 35 godina.",Preuzeti službeni upitnik sa internetskih stranica Zaklade | Ispuniti sve podatke na hrvatskom jeziku | Dostavljeni prijavu poštom ili prema naputcima na službenoj web stranici Zaklade,Broj stipendija određuje se ovisno o godišnjem proračunu Zaklade. Stipendija se dodjeljuje za jednu školsku/akademsku godinu. Stipendije se isplaćuju u deset obroka tijekom školske/akademske godine. Stipendisti postaju članovi Alumni kluba Zaklade Adris.,http://www.adris.hr/odnosi-s-javnoscu/zaklada-adris/stipendije/,PROVJERITI RUČNO (rok nije jasno parsiran),2026-09-28T11:07
HEP — praksa i stipendije,Stipendije za učenike i studente HEP grupe,https://www.hep.hr/ljudski-potencijali/praksa-i-stipendije/110,Tvrtka,,False,,Redovni učenici i studenti mogu se prijaviti na natječaj HEP grupe objavljen na internetskoj stranici HEP-a.,Iskazati interes na ljudski.potencijali_obrazovanje@hep.hr | Dostaviti originalnu uputnicu obrazovne ustanove kadrovskoj službi | Čekati povratnu informaciju elektronskim putem,"Stranica spominje natječaje za 2025./2026., ali ne navodi konkretne datume roka prijave ni detaljne iznose stipendija. Rezultati natječaja su već dostupni, što ukazuje da je prijava zatvorena.",,NEMA AKTIVNOG NATJEČAJA (opća stranica),2026-09-28T11:07
INA Grupa — INA i mladi (stipendije),,https://karijera.ina.hr/hr/ina-i-mladi,Tvrtka,,False,,,,,,NEMA AKTIVNOG NATJEČAJA (opća stranica),2026-09-28T11:07
AMPEU — Erasmus+ i programi mobilnosti,Chevening stipendije za studij u UK-u,https://www.ampeu.hr/natjecaji,Međunarodno,,False,do 6. listopada 2026. u 13:00 sati po hrvatskom vremenu,Kandidati trebaju završen preddiplomski studij i najmanje dvije godine radnog iskustva stečenog nakon završetka studija. Obvezni su vratiti se u Hrvatsku na najmanje dvije godine nakon završetka studija.,"Kandidati sami biraju područje studiranja | Prijavljuju se na tri diplomska studijska programa u Ujedinjenoj Kraljevini | Jasno trebaju obrazložiti zašto žele studirati u UK-u, što žele postići u karijeri i kako će primijeniti znanje | Dostupne su više informacije na službenoj stranici programa Chevening",Chevening stipendija je potpuno financirana i obuhvaća troškove studija. Stipendisti stječu međunarodno iskustvo i postaju dio globalne Chevening alumni zajednice.,https://www.ampeu.hr/natjecaji/otvorene-prijave-za-chevening-stipendije-za-studij-u-ujedinjenoj-kraljevini-velike-britanije-i-sjeverne-irske,OTVORENO — rok za 8 dana (2026-10-06),2026-09-28T11:07
Europska komisija — stipendije za konferencijsko prevođenje,Stipendije za studente konferencijskog prevođenja,https://commission.europa.eu/funding-tenders/find-funding/find-calls-funding-topic/education-and-training-funding/funding-opportunities-conference-interpreting-programmes/bursaries-conference-interpreting-students_hr,Međunarodno,do 3000 eura jednokratno,False,petak 25. rujna 2026.,Studenti diplomskih/poslijediplomskih studija konferencijskog prevođenja. Više informacija dostupno u pozivu za podnošenje prijava.,Detaljne upute dostupne u pozivu za podnošenje prijava (Call for applications),"Iznos stipendije je jednak upisnini (školarini i/ili administrativnoj pristojbi), ali maksimalno 3000 EUR. Rok je 25. rujna 2026.",,ROK ISTEKAO (2026-09-25) — čeka se novi ciklus,2026-09-28T11:07
Grad Koprivnica — stipendije,Studentske stipendije Grada Koprivnice,https://koprivnica.hr/gradani/odgoj-i-obrazovanje/stipendije/,Grad,"130,00 EUR za studente u RH, 210,00 EUR za studente izvan RH, 170,00 EUR za studente u RH s invaliditetom većim od 50%, 290,00 EUR za studente izvan RH s invaliditetom većim od 50%, 300,00 EUR za studente u RH koji se školuju za deficitarna zanimanja; mjesečno, 12 mjeseci",False,,"Redoviti studenti s prebivalištem na području Grada Koprivnice upisani na prijediplomski, diplomski ili poslijediplomski studij.",,"Natječaj se objavljuje na službenim stranicama Grada Koprivnice i traje najmanje 15 dana. Stipendije se isplaćuju do 10. u mjesecu za prethodni mjesec. Student mora dostaviti potvrdu o upisu (do 31. listopada za narednu godinu ili zimski semestar, do 15. ožujka za ljetni semestar) kako bi nastavio primati stipendiju. Stipendija se vraća ovisno o vremenu završetka studija, s mogućnošću otplate u ratama.",,NEMA AKTIVNOG NATJEČAJA (opća stranica),2026-09-28T11:07
Grad Bjelovar — stipendije,Stipendije studentima Grada Bjelovara,https://www.bjelovar.hr/obrazovanje-i-skrb/stipendije/,Grad,,False,,Studenti s područja Grada Bjelovara.,,"Detaljne informacije nalaze se u priloženoj datoteci (Natjecaj-za-dodjelu-stipendija-studentima-s-podrucja-Grada-Bjelovara-2025-2026.doc). Stranica ne sadrži detaljne uvjete, iznose niti rok prijave.",https://www.bjelovar.hr/dokumenti/natjecaj-za-dodjelu-stipendija-studentima-s-podrucja-grada-bjelovara-2025-2026/,PROVJERITI RUČNO (rok nije jasno parsiran),2026-09-28T11:07
Grad Dubrovnik — natječaji,,https://www.dubrovnik.hr/natjecaji,Grad,,False,,,,,,NEMA AKTIVNOG NATJEČAJA (opća stranica),2026-09-28T11:07
Bjelovarsko-bilogorska županija — stipendije,,https://bbz.hr/uo-obrazovanje-stipendije/,Županija,,False,,,,,,NEMA AKTIVNOG NATJEČAJA (opća stranica),2026-09-28T11:07
Požeško-slavonska županija — otvoreni natječaji,Stipendije za poljoprivredno-prehrambena zanimanja,https://www.pszupanija.hr/natjecaji/otvoreni-natjecaji,Županija,"Mjesečni iznos stipendije je 70,00 eura.",False,od 14. do 23. rujna 2026. u 12:00 h,"Učenici redovito upisani prvi put u prvi razred srednje strukovne škole poljoprivredno-prehrambenih zanimanja na području Požesko-slavonske županije, koji su državljani Republike Hrvatske ili osobe u skladu sa Zakonom o međunarodnoj i privremenoj zaštiti.",Registracija fizičke osobe u Sustavu e-Prijave | Odabir natječaja i unos podataka te dokumentacije | Ispis i potpisivanje Zahtjeva iz sustava | Skeniranje i dostava Zahtjeva e-mailom na stipendije@pszupanija.hr,Stipendija se odobrava u razdoblju od 7. rujna 2026. do 15. lipnja 2027. u obliku 10 mjesečnih anuiteta. Pravo na stipendiju nemaju učenici koji su korisnici osnovnog obrazovanja u javnim ustanovama.,https://www.pszupanija.hr/natjecaji/otvoreni-natjecaji/2788-natjecaj-za-dodjelu-stipendija-pozesko-slavonske-zupanije-ucenicima-koji-se-u-sk-god-2026-2027-obrazuju-za-poljoprivredno-prehrambena-zanimanja-na-podrucju-pozesko-slavonske-zupanije,ROK ISTEKAO (2026-09-23) — čeka se novi ciklus,2026-09-28T11:07
Dubrovačko-neretvanska županija — stipendije,Stipendije za učenike i studente,https://www.dnz.hr/stipendije/,Županija,"88,00 eura mjesečno za učenike (10 mjeseci), 146,00 eura mjesečno za studente",False,,"Učenici koji su daroviti ili se obrazuju za deficitarna zanimanja, te studenti koji su daroviti ili se obrazuju za deficitarna zanimanja.",,Natječaj se objavljuje u mjesecu listopadu i otvoren je 14 dana od dana objave. Trenutno nema specifičnog aktivnog natječaja na stranici.,,NEMA AKTIVNOG NATJEČAJA (opća stranica),2026-09-28T11:08
Koprivničko-križevačka županija — stipendije,Studentske stipendije Koprivničko-križevačke županije,https://stipendije.kckzz.hr/,Županija,,False,17. listopada 2025. godine,Redovni studenti s područja Koprivničko-križevačke županije koji redovito studiraju na domaćim ili inozemnim visokoškolskim ustanovama.,"Prikupiti osnovne dokumente (uvjerenje o upisu, prijepis ocjena, uvjerenje o prebivalištu) | Prikupiti dodatnu dokumentaciju za bodove (uspjeh na natjecanjima, volontiranje, status invalida ili drugog) | Ispuniti prijavu u natječajnom roku | Dostaviti sve dokumente poštom preporučeno ili elektroničkom poštom | Čekati objavu Liste reda prvenstva u roku od 60 dana","Natječaj je raspisан za akademsku godinu 2025./2026., ali je rok završio 17. listopada 2025. godine. Tekst ima prirodu obavijesti o zatvorenom natječaju i uputa za postojeće korisnike stipendija.",,NEMA AKTIVNOG NATJEČAJA (opća stranica),2026-09-28T11:08
Ličko-senjska županija — natječaji i pozivi,,https://licko-senjska.hr/natjecaji-i-pozivi/,Županija,,False,,,,,,NEMA AKTIVNOG NATJEČAJA (opća stranica),2026-09-28T11:08
Virovitičko-podravska županija — natječaji,,https://www.vpz.hr/,Županija,,False,,,,,,NEMA AKTIVNOG NATJEČAJA (opća stranica),2026-09-28T11:08
Brodsko-posavska županija — natječaji,Stipendije za redovite studente 2022,https://www.bpz.hr/natje%C4%8Daji-21,Županija,,False,15 dana od dana objave natječaja,"Redovni studenti tijekom trajanja studija koji su državljani Hrvatske, imaju prebivalište na području Brodsko-posavske županije, studiraju na preddiplomskom, diplomskom ili integriranom diplomskom studiju, te ispunjavaju uvjete prema osnovi prijave (deficitarnost ili darovitost).","Popuniti obrasce dostupne u Upravnom odjelu za obrazovanje šport i kulturu, soba 309, treći kat, ili na www.bpz.hr | Priložiti sve tražene dokumente (potvrde, svjedodžbe, potvrde o primanjima) | Predati prijavu u Pisarnicu na urudžbeni zapisnik osobno ili poštom na adresu Brodsko-posavske županije s naznakom natječaja | Rok za prijavu je 15 dana od dana objave","U 2022. godini dodijelit će se 48 stipendija. Stipendije se dodjeljuju za deficitarna zanimanja ili darovite studente. Isplata ide od siječnja za mjesece siječanj-srpanj i rujan. Korisnik mora zaposliti se na području Županije najmanje onoliko vremena koliko je primao stipendiju, inače je dužan vratiti cjelokupni iznos.","https://www.bpz.hr/upravna-tijela/upravni-odjel-za-obrazovanje,-šport-i-kulturu/stipendije",PROVJERITI RUČNO (rok nije jasno parsiran),2026-09-28T11:09
Krapinsko-zagorska županija — natječaji,Stipendije za učenike srednjih škola,https://kzz.hr/natjecaj/,Županija,"70,00 eura mjesečno (kategorije A i B) i 80,00 eura mjesečno (kategorija C)",False,8.10.2026.,"Učenici srednjih škola Krapinsko-zagorske županije koji se prijavljuju u jednoj od tri kategorije: nadareni učenici, učenici po socijalnom kriteriju, ili učenici upisani u 1. razred deficitarnih zanimanja.","Preuzmite odgovarajući obrazac (A, B ili C) iz priloga | Popunite sve potrebne podatke i dokumentaciju | Prikupite potpunu dokumentaciju prema uvjetima | Pošaljite zahtjev preporučenom poštom ili osobno | Zahtjev dostavite na adresu: Krapinsko-zagorska županija – Upravni odjel za obrazovanje, kulturu, šport i tehničku kulturu, Kumrovečka 6, 49210 Zabok",Zahtjevi se podnose isključivo na propisanim obrascima. Tekst natječaja sa svim potrebnim obrascima i prilozima nalazi se na stranici.,https://kzz.hr/natjecaj/natjecaj-za-dodjelu-stipendija-ucenicima-srednjih-skola-kzz-za-skolsku-godinu-2026-2027/,OTVORENO — rok za 10 dana (2026-10-08),2026-09-28T11:10
Grad Umag — studiranje i sustav stipendiranja,,https://umag.hr/informacije/stipendije-196,Grad,,False,,,,,,NEMA AKTIVNOG NATJEČAJA (opća stranica),2026-09-28T11:10
Grad Makarska — natječaji i javni pozivi,,https://makarska.hr/natjecaji-i-javni-pozivi/,Grad,,False,,,,,,NEMA AKTIVNOG NATJEČAJA (opća stranica),2026-09-28T11:10
Grad Novi Vinodolski — stipendije,Stipendije nadarenim socijalno ugroženim učenicima i studentima,https://novi-vinodolski.hr/oznaka/stipendije/,Grad,"Za učenike srednjih škola stipendije iznose 600,00 kn mjesečno, a za studente 800,00 kn mjesečno.",False,do 02. 11. 2012,"Učenici srednjih škola i redovni studenti fakulteta svih smjerova koji su hrvatski državljani s prebivalištem na području Grada Novi Vinodolski, nadareni i socijalno ugroženi s minimalnim prosjekom ocjena.","Ispuniti obrazac zahtjeva | Prikupiti svu potrebnu dokumentaciju (svjedodžbe, uvjerenja o upisu, dokaze o prihodima i sl.) | Podnijeti zahtjev osobno u Uredu Grada ili poštom preporučeno | Podnošenje do 02.11.2012.","Iznos je u kunama (kn), ne eurima. Natječaj je za školsku/akademsku godinu 2012/2013.",https://novi-vinodolski.hr/natjecaj-za-dodjelu-stipendija-nadarenim-socijalno-ugrozenim-ucenicima-i-studentima-za-skolsku-akademsku-godinu-2012-2013/,ROK ISTEKAO (2012-11-02) — čeka se novi ciklus,2026-09-28T11:10
Grad Poreč — stipendije i subvencije,Stipendije učenicima i studentima,https://www.porec.hr/prva.aspx?stranica=84,Grad,,False,rujan za učenike i listopad za studente,Učenici srednjih škola i studenti. Dodatne bodove ostvaruju oni koji se školuju za deficitarno zanimanje.,,Grad dodjeljuje do 5 stipendija učenicima i do 24 stipendije studentima. Iznos stipendija nije specificiran u tekstu. Natječaj se raspisuje svake godine u rujnu za učenike i listopadu za studente.,https://www.porec.hr/hr-hr/stipendije-i-subvencije,PROVJERITI RUČNO (rok nije jasno parsiran),2026-09-28T11:11
Grad Rovinj — stipendije,,https://www.rovinj-rovigno.hr/odgoj-i-obrazovanje/stipendije/,Grad,,False,,,,,,NEMA AKTIVNOG NATJEČAJA (opća stranica),2026-09-28T11:11
Grad Križevci — dokumenti i natječaji,,https://krizevci.hr/dokumenti,Grad,,False,,,,,,NEMA AKTIVNOG NATJEČAJA (opća stranica),2026-09-28T11:11
Općina Medulin — odgoj i obrazovanje,,https://medulin.hr/odgoj-obrazovanje,Općina,,False,,,,,,NEMA AKTIVNOG NATJEČAJA (opća stranica),2026-09-28T11:11
Općina Tučepi — natječaji,,https://www.tucepi.hr/,Općina,,False,,,,,,NEMA AKTIVNOG NATJEČAJA (opća stranica),2026-09-28T11:11
Općina Baška — službene stranice,Stipendije učenicima za školsku godinu 2026./2027,https://www.baska.hr/,Općina,"125,00 eura mjesečno",False,do 30. rujna 2026. godine do 12:00 sati,"Hrvatski državljani s prebivalištem na području Općine Baška koji su redoviti učenici trogodišnjih obrtničkih škola za deficitarna zanimanja, redovni učenici srednjih škola za deficitarna zanimanja, ili redoviti učenici četverogodišnjih srednjih škola s prosjekom ocjena na osnovna škola od 4,70 ili srednja škola od 4,50 na više.",Registracija putem https://som-natjecaj.eu/authentication/register | Prijava putem https://som-natjecaj.eu/authentication/login | Popunjavanje e-obrasca kroz sustav SOM Natječaji | Prilaganje potrebne dokumentacije | Podnošenje do 30. rujna 2026. godine do 12:00 sati | Kontakt za poteškoće: podrska@som-system.com,"Natječaj je objavljen na https://som-natjecaj.eu/. Detaljne upute za registraciju i prijavu dostupne su u PDF dokumentu ""Upute za korisnike aplikacije-OPĆINA BAŠKA-SOM NATJEČAJ"". Broj stipendija ovisi o broju kvalificiranih prijava i raspoloživim sredstvima.",https://www.baska.hr/natjecaj-za-dodjelu-stipendija-ucenicima-za-skolsku-godinu-2026-2027/,OTVORENO — rok za 2 dana (2026-09-30),2026-09-28T11:11
Grad Opatija — natječaji za stipendije,,https://opatija.hr/?s=stipendij,Grad,,False,,,,,,NEMA AKTIVNOG NATJEČAJA (opća stranica),2026-09-28T11:11
Grad Krk — natječaji,,https://www.grad-krk.hr/natjecaji,Grad,,False,,,,,,NEMA AKTIVNOG NATJEČAJA (opća stranica),2026-09-28T11:11
Grad Kutina — natječaji,,https://www.kutina.hr/,Grad,,False,,,,,,NEMA AKTIVNOG NATJEČAJA (opća stranica),2026-09-28T11:11
Grad Daruvar — stipendije,,https://daruvar.hr/stipendije/,Grad,,False,,,,,,NEMA AKTIVNOG NATJEČAJA (opća stranica),2026-09-28T11:12
Grad Trogir — stipendije za đake i studente,Stipendije za đake i studente,https://trogir.hr/stipendije-za-dake-i-studente/,Grad,200 eura za studente te 100 eura za učenike,False,,Stipendije se dodjeljuju učenicima i studentima grada Trogira.,Preuzmi obrazac za prijavu | Ispuni i podnesi obrazac | Čekaj zaključenje ugovora u prosincu,"Stranica spominje 'Aktivni natječaj' za 2024./2025. godinu, ali nema konkretnog roka prijave. Natječaj se objavljuje u listopadu, a zaključenje ugovora u prosincu, ali trenutni rok nije specificiran.",,NEMA AKTIVNOG NATJEČAJA (opća stranica),2026-09-28T11:12
Grad Biograd na Moru — stipendije,Stipendije studentima Grada Biograda na Moru,https://www.biogradnamoru.hr/hr/stipendije,Grad,"200,00 EUR mjesečno",False,trajno otvoren natječaj – rok ističe danom iscrpljenja raspoloživih financijskih sredstava,"Redovit student na sveučilišnim ili stručnim studijima koji je državljanin Republike Hrvatske, ima prebivalište na području Grada Biograda na Moru, nije u radnom odnosu, nema upisa mirovanju obveza, te ne ponavlja godinu studija.","Preuzeti obrazac zahtjeva s web stranice www.biogradnamoru.hr | Prikupiti dokaze (domovnica, uvjerenje o prebivalištu, potvrdu upisa, izjavu o neprimanju druge stipendije) | Poslati zahtjev poštom, emailom ili online obrascem na Jedinstveni upravni odjel Grada Biograda na Moru",Natječaj je trajno otvoren. Rok ne postoji jer se prijave primaju kontinuirano do iscrpljenja sredstava. Studenti koji dobiju stipendiju moraju se odreći svih ostalih stipendija. Stipendija se dodjeljuje za 10 mjeseci (listopad–srpanj).,https://www.biogradnamoru.hr/natjecaji/objava/natjecaj-za-dodjelu-stipendija-studentima-grada-biograda-na-moru-u-akademskoj-godini-2026-2027,PROVJERITI RUČNO (rok nije jasno parsiran),2026-09-28T11:12
Grad Labin — stipendiranje učenika i studenata,,https://labin.hr/za-gradane/odgoj-i-obrazovanje/stipendiranje-ucenika-i-studenata,Grad,,False,,,,,,NEMA AKTIVNOG NATJEČAJA (opća stranica),2026-09-28T11:12
Grad Slavonski Brod — natječaji,,https://www.slavonski-brod.hr/,Grad,,False,,,,,,NEMA AKTIVNOG NATJEČAJA (opća stranica),2026-09-28T11:12
Grad Metković — natječaji,Stipendije studentima Grada Metkovića,https://grad-metkovic.hr/,Grad,,False,,Studenti s prebivalištem na području Grada Metkovića koji se prijave na natječaj za akademsku godinu 2019./2020.,Preuzeti obrazac prijave za dodjelu stipendija | Popuniti Izjavu o članovima obitelji | Predati potrebnu dokumentaciju sukladno natječaju,"Tekst je stara objava iz 2019. godine, natječaj se odnosi na akademsku godinu 2019./2020., detalji o iznosu i roku nisu navedeni u dostupnom sadržaju.",https://grad-metkovic.hr/2019/10/30/natjecaj-za-dodjelu-stipendija-studentima-za-akademsku-godinu-2019-2020/,PROVJERITI RUČNO (rok nije jasno parsiran),2026-09-28T11:13
Grad Đakovo — natječaji,,https://djakovo.hr/index.php/natje%C4%8Daji.html,Grad,,False,,,,,,NEMA AKTIVNOG NATJEČAJA (opća stranica),2026-09-28T11:13
Grad Ivanić-Grad — javni natječaji,,https://ivanic-grad.hr/javni-natjecaji/,Grad,,,,,,,,"GREŠKA — stranica nedostupna (HTTP 404), provjeriti ručno",2026-09-28T11:13
Grad Jastrebarsko — natječaji,Stipendija za učenike i studente,https://www.jastrebarsko.hr/,Grad,"100,00 EUR mjesečno (učenici), 150,00 EUR mjesečno (studenti)",False,20 dana od dana objave na oglasnoj ploči i web-stranici Grada Jastrebarskog,"Učenici i studenti koji su državljani RH, imaju prebivalište na području grada Jastrebarskog, su redovni (učenici drugog ili višeg razreda srednje škole, studenti), ne primaju drugu stipendiju, nisu navršili 21 godinu (učenici) odnosno 26 godina (studenti), te za izvrsnost imaju prosjek 4,50 (učenici)/4,00 (studenti viših godina), a za socijalni kriterij prosječni neto prihod po članu obitelji ne prelazi 100% neoporezivog dijela mjesečne plaće.","Popuniti obrazac prijave dostupan na stranicama Grada | Priložiti preslike tražene dokumentacije (domovnica, uvjerenje o prebivalištu, potvrdu upisa, svjedodžbe, IBAN, životopis itd.) | Dostaviti prijavu na adresu Grad Jastrebarsko, Trg J. J. Strossmayera 13, osobno, e-mailom na maja.belan@jastrebarsko.hr ili elektronskom prijavom na www.jastrebarsko.hr | Priložiti dodatne dokumente ovisno o vrsti stipendije (izvrsnost ili socijalni kriterij)","Kandidat može podnijeti prijavu za obje kategorije (izvrsnost i socijalni kriterij) ali može ostvariti pravo samo na jednu stipendiju. Stipendija se dodjeljuje za 10 mjeseci od 1. rujna 2025. Deficitarna zanimanja ostvaruju dodatne bodove. Prijedlog liste se objavljuje u roku 30 dana, mogućnost prigovora u roku 8 dana.",https://www.jastrebarsko.hr/jaska_info/natjecaji_i_javni_pozivi/stipendije/,PROVJERITI RUČNO (rok nije jasno parsiran),2026-09-28T11:13
Grad Virovitica — stipendije,,https://www.virovitica.hr/,Grad,,False,,,,,,NEMA AKTIVNOG NATJEČAJA (opća stranica),2026-09-28T11:13
Grad Hvar — natječaji,,https://www.hvar.hr/portal/,Grad,,False,,,,,,NEMA AKTIVNOG NATJEČAJA (opća stranica),2026-09-28T11:13
Grad Stari Grad — stipendije,Stipendije za učenike i studente,https://stari-grad.hr/stipendije,Grad,,False,,,,"Tekst stranice sadrži samo popis dokumenata i obrazaca. Detalji natječaja (rok, iznosi, uvjeti) nalaze se u priloženim PDF dokumentima, a nisu vidljivi u samom tekstu stranice.",,NEMA AKTIVNOG NATJEČAJA (opća stranica),2026-09-28T11:14
Grad Samobor — natječaji,,https://www.samobor.hr/,Grad,,False,,,,,,NEMA AKTIVNOG NATJEČAJA (opća stranica),2026-09-28T11:14
Grad Velika Gorica — natječaji,Stipendije za deficitarna zanimanja,https://gorica.hr/category/sluzbene-obavijesti/natjecaji/,Grad,,False,04.09.2026.,Učenici prvih razreda koji se obrazuju za deficitarna zanimanja za potrebe obrtništva.,,"Ovo je popisna stranica s nekoliko natječaja. Prikazani natječaj o stipendijama za deficitarna zanimanja ima rok 04.09.2026., ali na stranici nema pojedinosti o iznosu stipendije niti uputa za prijavu — potrebno je otvoriti detaljnu stranicu natječaja.",,ROK ISTEKAO (2026-09-04) — čeka se novi ciklus,2026-09-28T11:14
Grad Gospić — stipendije,Stipendije učenicima i studentima Grada Gospića,https://gospic.hr/gradski-programi/stipendije-grada-gospica/,Grad,"70,00 eura za učenike na području, 105,00 eura za učenike izvan područja, 105,00 eura za studente na području, 157,50 eura za studente izvan područja",False,od 21. studenoga 2024. godine do zaključno 6. prosinca 2024. godine,"Pravo ostvaruju učenici srednjih škola i studenti preddiplomskih/diplomskih studija s najmanje šest mjeseci prijavljenim prebivalištem na području Grada Gospića, sa statusom redovnog učenika/studenta, bez drugih stipendija, učenici do 20 godina i studenti do 26 godina, bez zaostajanja tijekom školovanja.","Preuzeti obrascu zahtjeva i izjave sa www.gospic.hr | Prikupiti obaveznu dokumentaciju (uvjerenje o prebivalištu, rodni list, domovnicu, potvrdu o upisu, svjedodžbe/potvrde, indeks, podatke o dohotku) | Priložiti dodatnu dokumentaciju za bodovanje ako je posjedujete | Dostaviti zahtjev s dokumentacijom na Budačka 55 ili poštom s naznakom ""Natječaj za dodjelu stipendija"" | Pratiti objavu privremene bodovne liste na www.gospic.hr i podnijeti prigovor ako treba","Grad će dodijeliti 30 stipendija: 10 za učenike srednje škole i 20 za studente. Stipendije se isplaćuju 10 mjeseci: učenicima od rujna do lipnja, studentima od listopada do srpnja. Postoji lista deficitarnih zanimanja/studija koja se stipendiraju, te lista programa koji se NEĆE stipendirati.",https://gospic.hr/gradski-programi/natjecaj-za-dodjelu-stipendija-ucenicima-i-studentima-s-podrucja-grada-gospica-za-skolsku-akademsku-godinu-2024-2025/,ROK ISTEKAO (2024-11-21) — čeka se novi ciklus,2026-09-28T11:14
Grad Vodnjan — natječaji,Stipendije Grada Vodnjan,https://www.vodnjan-dignano.hr/hr/natjecaji/,Grad,,False,do 31. listopada tekuće godine,"Učenici i studenti koji ispunjavaju uvjete propisane Pravilnikom. Odabir se provodi na temelju bodovanja prema kriterijima: uspjeh u obrazovanju, godina studija, uspjeh na natjecanjima, materijalni i socijalni položaj, posebne okolnosti.",Pratiti objavu Natječaja | Podnijeti prijavu na propisanom obrascu | Priložiti potrebnu dokumentaciju navedenu u Natječaju | Dostaviti u roku navedenom u Natječaju,"Korisnik stipendije ne može istovremeno primati druge stipendije. Isplata se vrši mjesečno od rujna do lipnja (10 mjeseci), a prva isplata u prosincu za mjesece rujan, listopad i studeni. Iznos stipendije određuje Gradonačelnik prema osiguranim sredstvima.",https://www.vodnjan-dignano.hr/hr/djeca-i-mladi/stipendije-grada,OTVORENO (rok 2026-10-31),2026-09-28T11:15
Grad Kaštela — stipendije,Stipendije učenicima i studentima Grada Kaštela,https://kastela.hr/kategorija/stipendije/,Grad,"90,00 eura mjesečno za učenike te 160,00 eura mjesečno za studente",False,10. do 30. listopada 2025. godine,"Učenici i studenti državljani RH s prebivalištem na području Grada Kaštela neprekidno najmanje 3 godine, redoviti učenici odnosno studenti, nisu stariji od 20 godina (učenici) odnosno 26 godina (studenti), te ispunjavaju uvjete izvrsnosti, socio-ekonomskog statusa ili sportskih stipendija.","Preuzmite prijavnicu i pravilnik s web stranice ili ploče Gradske uprave | Popunite prijavnicu s dokazima sukladno kategoriji | Priložite sve tražene dokumente (svjedodžbe, uvjerenja, dokaze o državljanstvu) | Predajte prijavu u roku od 10. do 30. listopada 2025.","Natječaj ima tri kategorije: izvrsnost (80 stipendija), socio-ekonomski status (80 stipendija) i sportske stipendije (20 stipendija). Stipendija se dodjeljuje za 10 mjeseci počevši od 1. rujna 2025. Cjelokupan tekst, pravilnik i obrasci dostupni su na web stranici i oglasnoj ploči Gradske uprave.",https://kastela.hr/2025/10/10/natjecaj-za-dodjelu-stipendija-ucenicima-i-studentima-grada-kastela-za-skolsku-akademsku-godinu-2025-2026/,ROK ISTEKAO (2025-10-30) — čeka se novi ciklus,2026-09-28T11:15
Grad Crikvenica — djeca i mladi,Stipendije za izvrsnost učenicima i studentima,https://www.crikvenica.hr/djeca-i-mladi/,Grad,"100,00 eura mjesečno za učenike, 150,00 eura mjesečno za studente",False,05. studenog 2025.,"Redovni učenici i redovni studenti hrvatskih državljani s prebivalištem na području Grada Crikvenice. Učenici srednjih škola (3. i 4. razred) trebaju prosjek ocjena od 4,500 i više, a studenti sveučilišta prosjek od 4,000 i više.","Prijavite se na web stranici www.crikvenica.hr putem digitalnog obrasca | Prijavite se na https://som-natjecaj.eu/authentication/login (postojeći korisnici) ili https://som-natjecaj.eu/authentication/register (novi korisnici) | Priložite zahtijevane dokumente (svjedodžbu o uspjehu, uvjerenje o upisu, dokaznica o svjetskim natjecanjima) | Pošaljite prijavu do 05. studenog 2025.","Stipendija se dodjeljuje za razdoblje od 01. rujna 2025. do 30. lipnja 2026. godine (10 mjeseci). Postoje tri odvojena natječaja na stranici: za izvrsnost, prema socijalnim kriterijima i za deficitarna zanimanja.",,ROK ISTEKAO (2025-11-05) — čeka se novi ciklus,2026-09-28T11:16
Grad Kastav — stipendije,,https://kastav.hr/,Grad,,False,,,,,,NEMA AKTIVNOG NATJEČAJA (opća stranica),2026-09-28T11:16
Grad Ludbreg — stipendije,,https://ludbreg.hr/stipendije-grada-ludbrega/,Grad,,,,,,,,"GREŠKA — stranica nedostupna (HTTP 403), provjeriti ručno",2026-09-28T11:16
Grad Mali Lošinj — studentske stipendije,,https://mali-losinj.hr/poduzetnici/potpore-i-stipendije/lista-studentske-stipendije/,Grad,,False,,,,,,NEMA AKTIVNOG NATJEČAJA (opća stranica),2026-09-28T11:16
Grad Vukovar — natječaji za stipendije,,https://www.vukovar.hr/gradske-vijesti/344-upravni-odjel-za-obrazovanje-sport-i-branitelje,Grad,,False,,,,,,NEMA AKTIVNOG NATJEČAJA (opća stranica),2026-09-28T11:16
Info centar za mlade Vukovar — stipendije,,https://www.icm-vukovar.info/category/stipendije/,Agregator,,False,,,,Stranica je popis/arhiva natječaja za stipendije bez specificiranja otvorenog natječaja. Svaki natječaj se nalazi na zasebnoj podstranici (linkovi nisu dostupni u prikazanom tekstu).,,NEMA AKTIVNOG NATJEČAJA (opća stranica),2026-09-28T11:16
Grad Sisak — natječaji i javni pozivi,,https://sisak.hr/kategorija/natjecaji-i-javni-pozivi/,Grad,,False,,,,,,NEMA AKTIVNOG NATJEČAJA (opća stranica),2026-09-28T11:16
Grad Čakovec — stipendije,,https://www.cakovec.hr/kategorija/gradske-vijesti/stipendije/,Grad,,False,,,,Stranica je popis obavijesti i prethodnih natječaja. Nema konkretnog otvorenog natječaja s rokom i iznosom na ovoj stranici. Za detalje trebalo bi kliknuti na pojedini natječaj.,,NEMA AKTIVNOG NATJEČAJA (opća stranica),2026-09-28T11:16
Grad Vinkovci — natječaji,,https://grad-vinkovci.hr/,Grad,,False,,,,,,NEMA AKTIVNOG NATJEČAJA (opća stranica),2026-09-28T11:16
ROCKWOOL — stipendije „Je li plava boja vaše latice?”,ROCKWOOL stipendije za učenike i studente,https://www.rockwool.com/hr/o-nama/drustveno-odrzivo-poslovanje/stipendije/,Tvrtka,Studentima 4.820 EUR a učenicima 1.750 EUR u akademskoj/školskoj godini,False,3.11.2025.,"Za učenike: redovito upisani u 2., 3. ili 4. razred strukovne srednje škole tehničkog usmjerenja, prosjek ocjena najmanje 3.0, uzorno ponašanje. Za studente: određenih tehničkih i društvenih fakulteta, redovito upisani u 2. ili višu godinu preddiplomskog/diplomskog studija, 54 ECTS ili više godišnje, prosjek 3.5 ili više, nisu u radnom odnosu.","Pripremite zamolbu/motivacijsko pismo, životopis s fotografijom, potvrdu o redovnom upisu, fotokopiju osobne iskaznice, svjedodžbe/ispunjene obrasce | Priložite formular o suglasnosti obrade podataka potpisan od roditelja/staratelja ili osobno (prema dobi) | Pošaljite sve dokumente u elektroničkom obliku na stipendije@rockwool.com | U subject stavite svoje ime, prezime, vrstu stipendije (učenik/student) | Rok: najkasnije do ponoći 3.11.2025. | Maksimalna veličina maila: 10 MB",Natječaj je zatvoren: 'Natječaj za stipendije 2025./2026. je zatvoren. Sretno svim prijavljenima!' Prikazani datumi odnose se na već zatvoreni natječaj.,,NEMA AKTIVNOG NATJEČAJA (opća stranica),2026-09-28T11:17
Sveučilište u Splitu — sveučilišne stipendije,Stipendije za redovite studente,https://www.unist.hr/sveucilisne-stipendije/440,Sveučilište,"150,00 eura mjesečno, 1.800,00 eura godišnje",False,,Redoviti studenti Sveučilišta u Splitu.,"Prikupiti potrebne obrasce (K1, K2, S, P) | Ispuniti i potpisati obrasce | Predati natječajnoj dokumentaciji | Čekati odluku o dodjeli stipendije",Natječaj se u pravilu objavljuje u siječnju. Do 137 stipendija godišnje. Period isplate: 1. listopada do 30. rujna akademske godine.,,NEMA AKTIVNOG NATJEČAJA (opća stranica),2026-09-28T11:17
Sveučilište u Osijeku — stipendije i potpore,,https://www.unios.hr/category/natjecaji/,Sveučilište,,False,,,,,,NEMA AKTIVNOG NATJEČAJA (opća stranica),2026-09-28T11:17
Info centar za mlade Osijek — natječaji,Humphrey stipendija u SAD-u,https://icm-osijek.info/natjecaji,Agregator,,False,31. srpnja 2026. godine,"Stipendije se dodjeljuju hrvatskim državljanima s visokom stručnom spremom (završen najmanje četverogodišnji studij ili petogodišnji diplomski studij), iskustvom u vođenju i pet godina radnog iskustva u jednom od navedenih područja te izvrsnim znanjem engleskoga jezika. Kandidati trebaju podnijeti dokaz o zaposlenju u RH.",Pronaći poveznicu za online prijavu na mrežnoj stranici Veleposlanstva SAD-a | Popuniti online prijavu | Pripremiti dodatnu dokumentaciju | Elektronički učitati dodatnu dokumentaciju uz prijavu do roka | Za pitanja obratiti se na navedenu e-mail adresu,"Stipendije nisu namijenjene za razdoblje studija niti omogućuju stjecanje akademskoga naziva u SAD-u, već su za znanstveno-stručno usavršavanje osoba s radnim iskustvom.",https://icm-osijek.info/natjecaji/f-stipendije,ROK ISTEKAO (2026-07-31) — čeka se novi ciklus,2026-09-28T11:18
Grad Solin — obavijesti i natječaji,,https://www.solin.hr/obavijesti/,Grad,,False,,,,,,NEMA AKTIVNOG NATJEČAJA (opća stranica),2026-09-28T11:18
Grad Zaprešić — dokumenti i natječaji,Stipendije učenicima i studentima Grada Zaprešića,https://zapresic.hr/dokumenti/,Grad,"Za učenike iznosi 100 eura, a za studente 150 eura mjesečno",False,do 24. listopada,"Stipendije se dodjeljuju učenicima srednjih škola i studentima za školsku/akademsku godinu 2025./2026. Dodijelit će se ukupno 60 stipendija, od čega 28 učenicima srednjih škola, a 32 studentima.",Preuzmi Prijavni obrazac | Ispuni obrazac | Dostavi zahtjev do 24. listopada,"Stipendija se dodjeljuje za dvanaest mjeseci, počevši od 1. listopada 2025. godine.",https://zapresic.hr/dokumenti/natjecaj-za-dodjelu-stipendija-ucenicima-srednjih-skola-i-studentima/,OTVORENO (rok 2026-10-24),2026-09-28T11:18
Grad Dugo Selo — natječaji,,https://www.dugoselo.hr/,Grad,,False,,,,,,NEMA AKTIVNOG NATJEČAJA (opća stranica),2026-09-28T11:18
Grad Novi Marof — natječaji za stipendije,,https://www.novi-marof.hr/category/natjecaji-stipendije/,Grad,,,,,,,,"GREŠKA — stranica nedostupna (HTTP 403), provjeriti ručno",2026-09-28T11:19
Grad Ivanec — stipendije,,https://ivanec.hr/dokumenti/43-proracun/297-stipendija,Grad,,False,,,,,,NEMA AKTIVNOG NATJEČAJA (opća stranica),2026-09-28T11:19
Grad Lepoglava — natječaji,,https://www.lepoglava.hr/,Grad,,False,,,,,,NEMA AKTIVNOG NATJEČAJA (opća stranica),2026-09-28T11:19
Grad Varaždinske Toplice — natječaji,,https://www.varazdinske-toplice.hr/javni-natjecaji/,Grad,,False,,,,,,NEMA AKTIVNOG NATJEČAJA (opća stranica),2026-09-28T11:19
Grad Sveta Nedelja — obavijesti i natječaji,,https://grad-svetanedelja.hr/,Grad,,False,,,,,,NEMA AKTIVNOG NATJEČAJA (opća stranica),2026-09-28T11:19
Grad Vrbovec — obavijesti i natječaji,,https://vrbovec.hr,Grad,,False,,,,,,NEMA AKTIVNOG NATJEČAJA (opća stranica),2026-09-28T11:19
Grad Sveti Ivan Zelina — natječaji,,https://zelina.hr/,Grad,,False,,,,,,NEMA AKTIVNOG NATJEČAJA (opća stranica),2026-09-28T11:19
Općina Viškovo — natječaji za stipendije,,https://opcina-viskovo.hr/,Općina,,False,,,,,,NEMA AKTIVNOG NATJEČAJA (opća stranica),2026-09-28T11:19
Općina Kostrena — natječaji,,https://kostrena.hr/,Općina,,False,,,,,,NEMA AKTIVNOG NATJEČAJA (opća stranica),2026-09-28T11:19
Grad Bakar — obavijesti,,https://www.bakar.hr/obavijesti-bakar-2/,Grad,,False,,,,,,NEMA AKTIVNOG NATJEČAJA (opća stranica),2026-09-28T11:19
Općina Matulji — natječaji,,https://www.matulji.hr/,Općina,,False,,,,,,NEMA AKTIVNOG NATJEČAJA (opća stranica),2026-09-28T11:19
Zaklada Novo Sutra — stipendije,,https://novosutra.hr/stipendije/,Zaklada,,,,,,,,"GREŠKA — stranica nedostupna (HTTP 404), provjeriti ručno",2026-09-28T11:20
Ministarstvo gospodarstva — stipendiranje u obrtničkim zanimanjima,,https://mingo.gov.hr/javni-pozivi-i-natjecaji-7371/javni-pozivi-i-natjecaji-ministarstva/otvoreni-javni-pozivi-i-natjecaji/7390,Ministarstvo,,False,,,,,,NEMA AKTIVNOG NATJEČAJA (opća stranica),2026-09-28T11:20
Grad Beli Manastir — natječaji,,https://www.beli-manastir.hr/natjecaji/,Grad,,False,,,,,,NEMA AKTIVNOG NATJEČAJA (opća stranica),2026-09-28T11:20
Grad Valpovo — studentske stipendije,Studentske stipendije Grada Valpova,https://valpovo.hr/jedinstveni-digitalni-pristupnik/studentske-stipendije/,Grad,,False,,"Studenti koji su državljani RH, redoviti studenti, imaju prebivalište u gradu Valpovu, nisu stariji od 25 godina i nemaju drugu odobrenu stipendiju.",Preuzmi obrazac sa www.valpovo.hr | Ispuni obrazac vlastoručnim potpisom | Priloži svu potrebnu dokumentaciju u PDF formatu (max 30 MB) | Pošalji na valpovo@valpovo.hr,Iznos stipendije određuje se Odlukom Gradonačelnika zasebno za svaku akademsku godinu i nije unaprijed specificiran. Stranica nema objavljen konkretni rok za prijavu.,,NEMA AKTIVNOG NATJEČAJA (opća stranica),2026-09-28T11:20
Zaklada „Hrvatska za djecu” — stipendije,Stipendije učenici srednjoškolskog obrazovanja,https://www.zhzd.hr/stipendije-182/182,Zaklada,"2.000,00 EUR",False,01. listopada 2026. godine,"Učenici na redovnom srednjoškolskom obrazovanju u javnim školama Republike Hrvatske s prosječnom ocjenom najmanje 3,00, prosječnim mjesečnim prihodom po članu kućanstva ne većim od 353,15 EUR, hrvatski državljani s prebivalištem u RH, koji nisu korisnici druge stipendije.","Proučite Javni natječaj i dokumentaciju | Prikupite dokaznu dokumentaciju i skenirajte je (JPEG, PNG, PDF format) | Kreirajte e-mail adresu i otvorite bankovni račun na svoje ime | Pristupite elektroničkom obrascu prijave klikom na 'Podnesi prijavu' | Ispunite obrazac sa osobnim, kontaktnim i školskim podacima te priložite dokumente | Podnite prijavu do 01. listopada 2026. godine 23:59:59",Natječaj će dodijeliti 250 stipendija (mogu biti dodjeljene do 280 ovisno o sredstvima). Prijave se podnose isključivo putem elektroničke aplikacije na www.zhzd.hr. Učenik koji jednom podnese prijavu ne može je mijenjati ili poništavati. Po OIB-u moguće je podnijeti samo jednu prijavu. Stipendija se isplaćuje tek nakon zaključivanja ugovora.,https://www.zhzd.hr/hr/stipendije-ucenici/50,OTVORENO — rok za 3 dana (2026-10-01),2026-09-28T11:20
Zagrebačka županija — natječaji za obrazovanje,,https://www.zagrebacka-zupanija.hr/natjecaji/?kategorija=natjecaji&odjel=upravni-odjel-za-odgoj-i-obrazovanje,Županija,,False,,,,,,NEMA AKTIVNOG NATJEČAJA (opća stranica),2026-09-28T11:20
RIT Croatia — financijska potpora i stipendije,Stipendije i financijska pomoć za studente,https://www.rit.edu/croatia/financial-aid-and-scholarships,Sveučilište,1.000 – 10.000 EUR po semestru,False,15. veljace,"Ucenici zadnje godine srednje skole, transfer studenti i kandidati koji su zavrsili srednju skolu. Za financijsku pomoc potrebna je prihvacena prijava i procjena financijske situacije obitelji.",Prijavite se na studij | Oznacite DA na pitanje o financijskoj pomoci/stipendiji | Podnesi dokumente i intervjuu | Podnesite dokumentaciju o financijskoj situaciji obitelji ili stipendiji,"Iznos financijske pomoci varira od 1.000 do 10.000 EUR i dijeli se na osam semestara. Prioritet se daje prijavama do 15. veljace. Stipendije se dodjeljuju na osnovu financijskih potreba, motivacije i akademskih dostignuca.",,PROVJERITI RUČNO (rok nije jasno parsiran),2026-09-28T11:20
Sveučilište Libertas — stipendije,Stipendije za prijediplomske studente,https://www.libertas.hr/upisi/stipendije/,Sveučilište,"300.000,00 EUR",True,30. lipnja 2026.,"Državljani Republike Hrvatske odnosno osobe s prebivalištem u Republici Hrvatskoj koji će upisati prvu, drugu ili treću godinu prijediplomskog sveučilišnog ili stručnog studija.","Prepuna molbu (motivacijsko pismo) | Priloži skenirane dokumente (svjedodžbe, potvrdu o državi maturi, potvrdu o imovskom stanju) | Pošalji prijavu elektronskom prijavnicom ili e-mailom na czk@libertas.hr | Originalne dokumente dostavi pri upisu","Ovo je stipendijski fond od 300.000 EUR koji se dijeli svim stipendisima – pojedinačni iznos nije naveden. Postojeći studenti trebaju minimalni prosjek ocjena 4,2. Predbilježbe se primaju od dana objave natječaja.",,ROK ISTEKAO (2026-06-30) — čeka se novi ciklus,2026-09-28T11:20
Hrvatska školska zaklada (Croatian Scholarship Fund),,https://www.croatianscholarship.org/na-hrvatskom/,Zaklada,,False,,,,,,NEMA AKTIVNOG NATJEČAJA (opća stranica),2026-09-28T11:20
Središnji državni ured za Hrvate izvan RH — stipendije,,https://hrvatiizvanrh.gov.hr/,Ministarstvo,,False,,,,,,NEMA AKTIVNOG NATJEČAJA (opća stranica),2026-09-28T11:20
Ministarstvo obrane — stipendije za studente IT-a,Stipendije za vojne studente IT,https://www.morh.hr/dodjela-stipendija-vojnim-stipendistima-studentima-iz-podrucja-informacijsko-komunikacijskih-tehnologija/,Ministarstvo,"300,00 eura (1. godina), 400,00 eura (2. godina), 500,00 eura (3. godina), 600,00 eura (4. godina), 700,00 eura (5. godina) mjesečno",False,kraj listopada 2026.,"Redoviti studenti sveučilišnih ili stručnih studija na akreditiranim studijima iz područja elektrotehnika, računarstva, informacijsko-komunikacijskih znanosti i srodnih IT studija. Moraju biti hrvatski državljani s prebivalištem u RH najmanje godinu dana, s prosjekom najmanje 3.00, bez kaznenih presuda i nisu korisnici drugih stipendija.",Prijaviti se na javni natječaj objavljen u siječnju 2026. | Proći zdravstveni pregled u Zavodu za zrakoplovnu medicinu Zagreb ili Zavodu za pomorsku medicinu Split | Proći provjeru tjelesne spremnosti u organizaciji Središnjice za upravljanje osobljem | Potpisati Ugovor o stipendiranju ako ste odabrani,"Vojni stipendisti nakon završetka studija moraju proći Temeljnu časničku izobrazbu i ostati u vojnoj službi dvostruko duže nego što su primali stipendiju, inače moraju vratiti sve isplaćene stipendije s kamatom.",,OTVORENO (rok 2026-10-31),2026-09-28T11:20
Grad Požega — ostali natječaji,Stipendije darovitim učenicima srednjih škola,https://www.pozega.hr/natjecaji/ostali-natjecaji,Grad,"70,00 eura, mjesečno za školsku godinu 2026./2027.",False,2. listopada 2026. godine,"Učenici koji su redoviti učenici 2. - 4. razreda srednje škole, imaju prebivalište na području grada Požege najmanje 5 godina, prosjek ocjena najmanje 4,50 i su državljani Republike Hrvatske.",Prijava putem sustava ePrijave na https://eprijave.pozega.hr,,,OTVORENO — rok za 4 dana (2026-10-02),2026-09-28T11:20
Općina Velika — stipendije,,https://www.opcina-velika.hr/,Općina,,False,,,,,,NEMA AKTIVNOG NATJEČAJA (opća stranica),2026-09-28T11:20
FER Karijere — stipendije poslodavaca,,https://karijere.fer.hr/studenti/stipendije-poslodavaca/,Agregator,,,,,,,,"GREŠKA — stranica nedostupna (HTTP 403), provjeriti ručno",2026-09-28T11:20
Hrvatsko katoličko sveučilište — natječaji,,https://www.unicath.hr/o-sveucilistu/natjecaji,Sveučilište,,False,,,,,,NEMA AKTIVNOG NATJEČAJA (opća stranica),2026-09-28T11:20
HBOR — studentska stipendija,Studentske stipendije HBOR,https://www.hbor.hr/natjecaj-za-studentske-stipendije,Tvrtka,"300,00 EUR do 600,00 EUR neto mjesečno, 12 mjeseci",False,15.3.2026.,"Redovni studenti 3. godine dodiplomskog ili 1./2. godine diplomskog studija na fakultetima s IT programima (PMF, EFZG, FER, FOI, TVZ, i dr.). Obvezno izvrsno znanje hrvatskog i engleskog jezika.","Popuni prijavni upitnik na HBOR web stranici | Dostavi životopis, potvrdu redovnog upisa i prijepis ocjena | Sudjeluj u stručnom testiranju | Sudjeluj u psihologijskom testiranju | Sudjeluj u selekcijskom razgovoru","Stipendija se isplaćuje od 1 do 3 akademske godine. Stipendist je obvezan zaposliti se u HBOR-u nakon završetka studija (IT sektor) i ostati najmanje godinu dana po akademskoj godini primanja stipendije. Ako prekine studij ili ne ispuni ugovorne obveze, mora vratiti cijeli iznos.",,ROK ISTEKAO (2026-03-15) — čeka se novi ciklus,2026-09-28T11:20
OIV — stipendije,,https://www.oiv.hr/hr/karijera/stipendije/,Tvrtka,,False,,,,,,NEMA AKTIVNOG NATJEČAJA (opća stranica),2026-09-28T11:20
Fina — prilike za studente (stipendije),,https://www.fina.hr/karijere/prilike-za-studente,Tvrtka,,False,,,,,,NEMA AKTIVNOG NATJEČAJA (opća stranica),2026-09-28T11:20
HOPS — vijesti i natječaji za stipendije,,https://www.hops.hr/vijesti,Tvrtka,,False,,,,,,NEMA AKTIVNOG NATJEČAJA (opća stranica),2026-09-28T11:20
"EFZG Karijere — stipendije, prakse i poslovi",,https://www.efzg.unizg.hr/za-studente-29717/stipendije-prakse-i-poslovi/29745,Agregator,,False,,,,,,NEMA AKTIVNOG NATJEČAJA (opća stranica),2026-09-28T11:20
FOI — centar za podršku studentima i razvoj karijera,,https://cpsrk.foi.hr/,Agregator,,False,,,,,,NEMA AKTIVNOG NATJEČAJA (opća stranica),2026-09-28T11:20
TVZ — obavijesti o stipendijama,Stipendije Europski Forum Alpbach 2026,https://www.tvz.hr/?s=stipendij,Agregator,,False,2. do 22. ožujka,"Mlade u dobi između 18 i 30 godina, prvi puta stipendisti, aktivno korištenje engleskog jezika (B2 razina), dostupnost za minimalno 8 dana boravka na Forumu.",Pripremite motivacijsko pismo s odgovorom na pitanje vezano uz europske izazove | Priložite dokaz znanja engleskog jezika (B2 razina) | Priložite životopis i posljednju diplomu ili potvrdu o studiju/zaposlenju | Prijavite se preko EFA platforme na https://www.alpbach.org/blog/scholarship-programme od 2. ožujka | Za kandidate iz Hrvatske slijedi dodatni online intervju,"EFA Fondacija i Mreža Foruma Alpbach dodjeljuju oko 350 stipendija. Forum se održava od 24. kolovoza do 4. rujna 2026. u Tirolu, Austriji. Kandidati iz Hrvatske trebaju biti dostupni za dodatni online intervju.",https://www.tvz.hr/medunarodna-konferencija-stipendije-europski-forum-alpbach-24-8-04-9-2026/,PROVJERITI RUČNO (rok nije jasno parsiran),2026-09-28T11:20
MZO — stipendije i boravci u inozemstvu,Stipendija za istraživanje doktorskoga rada u Kanadi,https://mzom.gov.hr/istaknute-teme/medjunarodna-suradnja-i-eu/stipendije-i-boravci-u-inozemstvu/684,Međunarodno,"27.600,00 CAD, 8 mjeseci",False,15. travnja 2025.,"Hrvatski državljani upisani na poslijediplomski studij na hrvatskom sveučilištu pred izradu doktorskoga rada, iz humanističkih, društvenih znanosti ili umjetničkog područja. Tečno знање engleskog jezika obavezno.","Pripremite opis istraživačkog projekta (max 500 riječi) na engleskom, životopis i imena dvoje preporučitelja | Kreirajte jedan PDF dokument s imenima i drzavom | Pošaljite e-poštom Dr. Alexander Carpenteru i Mariji Crnić do roka","Iznos je u CAD, ne EUR. Boravak 8 mjeseci (1. listopada 2025. - 31. svibnja 2026.). Očekuje se aktivno uključivanje u institutskoiske i kulturne aktivnosti te suradnja s lokalnom hrvatskom zajednicom.",https://mzom.gov.hr/stipendija-za-istrazivanje-u-sklopu-izrade-doktorskoga-rada-na-institutu-wirth-za-austrijske-i-srednjoeuropske-studije-sveucilista-alberta-u-edmontonu-kanada-u-akademskoj-godini-2025-2026-6887/6887,ROK ISTEKAO (2025-04-15) — čeka se novi ciklus,2026-09-28T11:21
DAAD — stipendije za studij u Njemačkoj,Stipendije DAAD-a,https://zagreb.diplo.de/hr-hr/themen/kultur/daad/2100844,Međunarodno,,False,,"Namijenjeni hrvatskim studentima, doktorandima, poslijedoktorandima, mladim znanstvenicima i sveučilišnim nastavnicima. Projekti na njemačkom ili engleskom jeziku.",Prijava putem portala https://portal.daad.de | Provjera rokova za odgovarajuću stipendiju u bazi DAAD-a | Kontakt s DAAD lektoricama u Hrvatskoj,Stranica navodi više različitih stipendijskih programa bez konkretnih rokova prijave. Rokove trebate provjeriti u bazi stipendija DAAD-a na portal.daad.de. Nema iznosa niti datuma otvorenih natječaja.,,NEMA AKTIVNOG NATJEČAJA (opća stranica),2026-09-28T11:21
HNB — stipendiranje studenata,,https://www.hnb.hr/o-nama/karijera/stipendiranje,Tvrtka,,False,,,,,,NEMA AKTIVNOG NATJEČAJA (opća stranica),2026-09-28T11:21
Grad Buzet — stipendije,,https://www.buzet.hr/natjecaji,Grad,,False,,,,,,NEMA AKTIVNOG NATJEČAJA (opća stranica),2026-09-28T11:21
Grad Cres — stipendije,,https://www.cres.hr/sluzbene-informacije/natjecaji/,Grad,,False,,,,,,NEMA AKTIVNOG NATJEČAJA (opća stranica),2026-09-28T11:22
Grad Donji Miholjac — stipendije,,https://donjimiholjac.hr/natjecaji,Grad,,False,,,,,,NEMA AKTIVNOG NATJEČAJA (opća stranica),2026-09-28T11:22
Grad Đurđevac — stipendije,Studentske stipendije akademske godine 2021./2022,https://djurdjevac.hr/stipendije/,Grad,"50,00 kn po ECTS bodovima, max 3.000,00 kuna; 100,00 kuna po ECTS bodovima, max 6.000,00 kuna",False,do 05. studenog 2021. godine,"Redovni studenti s područja Grada Đurđevca koji studiraju na preddiplomskom i diplomskom studiju na području Republike Hrvatske i imaju prebivalište na području Grada Đurđevca, te redovni i izvanredni studenti preddiplomskog stručnog studija računarstva i informatike u Đurđevcu.","Preuzmi obrazac prijave | Priloži potvrdu o upisu i prijepisom ocjena | Priloži presliku osobne iskaznice | Podnesi pisanim putem na adresu Grad Đurđevac, Stjepana Radića 1, 48 350 Đurđevac ili e-mailom grad@djurdjevac.hr",Stipendija se dodjeljuje za jednu akademsku godinu. Student je obvezan vratiti stipendiju ako prekine studij ili ga ne završi u redovnom roku (50% iznosa). Isplata se vrši na temelju potvrde o položenim ispitima i ostvarenim ECTS bodovima.,https://djurdjevac.hr/javna-nabava-i-natjecaji/natjecaji/natjecaj-za-dodjelu-studentskih-stipendija-u-akademskoj-godini-2021-2022/,ROK ISTEKAO (2021-11-05) — čeka se novi ciklus,2026-09-28T11:22
Grad Kraljevica — stipendije,Nagrade i stipendije učenicima i studentima,https://www.kraljevica.hr/javni-pozivi/,Grad,,False,do 12.10.2026.,Natječaj je za učenike za postignut uspjeh u školskoj godini 2025./2026. i za učenike i studente za školsku-akademsku godinu 2026./2027.,,Dostupni su privici s detaljima natječaja i obrascima za stipendije i nagrade.,https://www.kraljevica.hr/raspisan-natjecaj-za-dodjelu-nagrada-i-stipendija-ucenicima-i-studentima-3/,OTVORENO — rok za 14 dana (2026-10-12),2026-09-28T11:22
Grad Lipik — stipendije,,https://lipik.hr/natjecaji-i-javni-pozivi/,Grad,,False,,,,,,NEMA AKTIVNOG NATJEČAJA (opća stranica),2026-09-28T11:22
Grad Mursko Središće — stipendije,Stipendije studentski krediti,https://mursko-sredisce.hr/stipendije/,Grad,,False,2. 10. 2026.,"Studenti svih godina studija na visokim učilištima, redovnog upisa.","Popunite sve podatke o sebi | Učitajte tražene dokumente (osobna iskaznica, potvrda o prebivalištu, potvrda upisa na fakultet, financijski dokazi) | Odaberite koju stipendiju tražite | Prihvatite privole za GDPR i Pravilnik | Pošaljite prijavu","Ovo je obrazac za prijavu na studentske kredite, ali iznos stipendije/kredita nije naveden na stranici. Potrebno je provjeriti detaljnu dokumentaciju natječaja.",,OTVORENO — rok za 4 dana (2026-10-02),2026-09-28T11:22
Grad Oroslavje — stipendije,,https://oroslavje.hr/stipendije/,Grad,,False,,,,,,NEMA AKTIVNOG NATJEČAJA (opća stranica),2026-09-28T11:22
Grad Pleternica — stipendije,Stipendije studentima Grada Pleternice,https://pleternica.hr/natjecaji/,Grad,"100,00 eura",False,8. prosinca 2025. godine,"Studenti državljani Republike Hrvatske sa stalnim prebivalištem na području Grada Pleternice najmanje 6 mjeseci prije podnošenja zahtjeva, koji studiraju izvan područja Požesko-slavonske županije, nemaju odobreni kredit ili druge stipendije, i imaju status redovitog studenta.","Registracija u sustavu ePrijave | Unos podataka o podnositelju i odabir natječaja | Popunjavanje prijave i učitavanje skenirane dokumentacije (.pdf i .jpeg) | Zaključivanje prijave klikom na gumb ""Zaključi prijavu"" | Ispis izvezene prijave, potpisivanje i dostava na adresu Grad Pleternica, Povjerenstvo za dodjelu stipendija, Trg hrvatskih branitelja 1, 34310 Pleternica","Natječaj je za akademsku godinu 2025./2026. Dodjeljuje se 13 stipendija. Sva dokumentacija mora biti starija od tri mjeseca od dana raspisivanja natječaja. Dokumentacija se učitava kroz sustav ePrijave, nije potrebna u tiskanom obliku.",https://pleternica.hr/natjecaji/javni-natjecaj-za-dodjelu-stipendija-studentima-s-podrucja-grada-pleternice-za-akademsku-godinu-2025-2026/,ROK ISTEKAO (2025-12-08) — čeka se novi ciklus,2026-09-28T11:23
Grad Ploče — stipendije,Stipendije za 2025.-2026,https://ploce.hr/stipendije/,Grad,,False,,"Stipendije za studente s područja Grada Ploča za akademsku godinu 2025./2026., te za učenike i studente s invaliditetom s područja Grada Ploča za akademsku godinu 2025./2026.",Preuzmi Javni natječaj | Preuzmi Prijavni obrazac | Slijedi Upute za podnošenje prijave | Preuzmi Izjavu o članovima zajedničkog kućanstva | Podnesi prijavu,"Ovo je stranica s linkom na natječaj, ali detaljni tekst natječaja nije priložen. Dostupni su samo linkovi na dokumente (Javni natječaj, Prijavni obrazac, Upute). Rok prijave i iznos stipendije nisu navedeni na ovoj stranici.",https://ploce.hr/2025/11/24/stipendije-za-2025-2026/,PROVJERITI RUČNO (rok nije jasno parsiran),2026-09-28T11:23
Grad Pregrada — stipendije,,https://www.pregrada.hr/stipendije,Grad,,False,,,,,,NEMA AKTIVNOG NATJEČAJA (opća stranica),2026-09-28T11:23
Grad Rovinj — stipendije,Sussidi agli alunni e studenti,https://www.rovinj-rovigno.hr/stipendije/,Grad,,False,,"Alunni e studenti meno abbienti, nonché studenti che si abilitano a professioni deficitarie, della Città di Rovinj-Rovigno.",,Tekst je na talijanskom jeziku i sadrži samo naslove dokumenata natječaja bez konkretnih iznosa i rokova.,https://www.rovinj-rovigno.hr/it/educazione-e-istruzione/hrvatski-stipendije/,PROVJERITI RUČNO (rok nije jasno parsiran),2026-09-28T11:23
Grad Vrlika — stipendije,,https://vrlika.hr/stipendije-studentima/,Grad,,False,,,,,,NEMA AKTIVNOG NATJEČAJA (opća stranica),2026-09-28T11:23
Grad Županja — stipendije,Stipendije Grada Županja za školsku godinu 2025./2026,https://zupanja.hr/stipendije-grada-zupanja/,Grad,,False,14. studenog 2025. godine,,Registracija računa u SOM Natječaj aplikaciji | Unos potrebnih podataka | Pregled natječaja i odabir 'Prijavi se' | Popunjavanje obaveznih polja označenih crvenom zvjezdicom | Slanje prijave klikom na 'Pošalji prijavu',Prijave se vrše isključivo putem SOM Natječaj aplikacije. Dostupni su linkovi za prijavu postojećih korisnika i registraciju novih korisnika. Aplikacija je prilagođena pejzažnom (landscape) načinu rada na mobilnim uređajima.,,ROK ISTEKAO (2025-11-14) — čeka se novi ciklus,2026-09-28T11:23
